cohort,method,k,users,candidates,observed_hits,observed_match_rate,hidden_interactions,recall_micro,different_asin_hits,different_asin_hidden_interactions,different_asin_recall_micro,users_with_hit,user_hit_rate
legacy_pilot_20,popularity_interaction_count,100,20,2000,12,0.006,219,0.0547945205479452,11,200,0.055,8,0.4
legacy_pilot_20,popularity_distinct_users,100,20,2000,12,0.006,219,0.0547945205479452,11,200,0.055,8,0.4
all_dev_156,popularity_interaction_count,100,156,15600,95,0.00608974358974359,1577,0.060240963855421686,90,1412,0.06373937677053824,53,0.33974358974358976
all_dev_156,popularity_distinct_users,100,156,15600,95,0.00608974358974359,1577,0.060240963855421686,90,1412,0.06373937677053824,53,0.33974358974358976
legacy_pilot_20,semantic,100,20,2000,19,0.0095,219,0.0867579908675799,1,200,0.005,10,0.5
legacy_pilot_20,g,100,20,2000,10,0.005,219,0.045662100456621,8,200,0.04,5,0.25
legacy_pilot_20,rrf,100,20,2000,25,0.0125,219,0.1141552511415525,7,200,0.035,14,0.7
all_dev_156,semantic,100,156,15500,126,0.008129032258064516,1577,0.07989854153455929,3,1412,0.002124645892351275,76,0.48717948717948717
all_dev_156,g,100,156,15600,107,0.006858974358974359,1577,0.06785034876347495,89,1412,0.06303116147308782,59,0.3782051282051282
all_dev_156,rrf,100,156,15600,166,0.01064102564102564,1577,0.10526315789473684,53,1412,0.037535410764872525,89,0.5705128205128205
