cohort,method,policy,k,primary,user_id,candidates,observed_hits,hidden_interactions,hidden_history_recall,different_asin_candidates,different_asin_hits,different_asin_hidden_interactions,different_asin_recall,same_asin_candidates,same_asin_hits
legacy_pilot_20,popularity_interaction_count,standard,100,True,42,100,2,13,0.15384615384615385,99,1,12,0.08333333333333333,1,1
legacy_pilot_20,popularity_interaction_count,standard,100,True,408,100,2,18,0.1111111111111111,100,2,17,0.11764705882352941,0,0
legacy_pilot_20,popularity_interaction_count,standard,100,True,567,100,0,5,0.0,100,0,5,0.0,0,0
legacy_pilot_20,popularity_interaction_count,standard,100,True,588,100,0,5,0.0,100,0,5,0.0,0,0
legacy_pilot_20,popularity_interaction_count,standard,100,True,781,100,0,5,0.0,100,0,4,0.0,0,0
legacy_pilot_20,popularity_interaction_count,standard,100,True,1365,100,0,26,0.0,100,0,26,0.0,0,0
legacy_pilot_20,popularity_interaction_count,standard,100,True,1397,100,0,5,0.0,100,0,1,0.0,0,0
legacy_pilot_20,popularity_interaction_count,standard,100,True,1530,100,0,7,0.0,100,0,4,0.0,0,0
legacy_pilot_20,popularity_interaction_count,standard,100,True,1644,100,0,7,0.0,100,0,7,0.0,0,0
legacy_pilot_20,popularity_interaction_count,standard,100,True,1773,100,0,5,0.0,100,0,3,0.0,0,0
legacy_pilot_20,popularity_interaction_count,standard,100,True,1865,100,0,21,0.0,100,0,19,0.0,0,0
legacy_pilot_20,popularity_interaction_count,standard,100,True,1921,100,0,5,0.0,100,0,4,0.0,0,0
legacy_pilot_20,popularity_interaction_count,standard,100,True,1991,100,0,5,0.0,100,0,3,0.0,0,0
legacy_pilot_20,popularity_interaction_count,standard,100,True,2174,100,2,12,0.16666666666666666,100,2,11,0.18181818181818182,0,0
legacy_pilot_20,popularity_interaction_count,standard,100,True,2204,100,2,17,0.11764705882352941,100,2,17,0.11764705882352941,0,0
legacy_pilot_20,popularity_interaction_count,standard,100,True,2441,100,1,9,0.1111111111111111,100,1,9,0.1111111111111111,0,0
legacy_pilot_20,popularity_interaction_count,standard,100,True,2481,100,1,13,0.07692307692307693,100,1,13,0.07692307692307693,0,0
legacy_pilot_20,popularity_interaction_count,standard,100,True,2652,100,1,31,0.03225806451612903,100,1,31,0.03225806451612903,0,0
legacy_pilot_20,popularity_interaction_count,standard,100,True,2930,100,0,5,0.0,100,0,4,0.0,0,0
legacy_pilot_20,popularity_interaction_count,standard,100,True,3013,100,1,5,0.2,100,1,5,0.2,0,0
legacy_pilot_20,popularity_distinct_users,standard,100,False,42,100,2,13,0.15384615384615385,99,1,12,0.08333333333333333,1,1
legacy_pilot_20,popularity_distinct_users,standard,100,False,408,100,2,18,0.1111111111111111,100,2,17,0.11764705882352941,0,0
legacy_pilot_20,popularity_distinct_users,standard,100,False,567,100,0,5,0.0,100,0,5,0.0,0,0
legacy_pilot_20,popularity_distinct_users,standard,100,False,588,100,0,5,0.0,100,0,5,0.0,0,0
legacy_pilot_20,popularity_distinct_users,standard,100,False,781,100,0,5,0.0,100,0,4,0.0,0,0
legacy_pilot_20,popularity_distinct_users,standard,100,False,1365,100,0,26,0.0,100,0,26,0.0,0,0
legacy_pilot_20,popularity_distinct_users,standard,100,False,1397,100,0,5,0.0,100,0,1,0.0,0,0
legacy_pilot_20,popularity_distinct_users,standard,100,False,1530,100,0,7,0.0,100,0,4,0.0,0,0
legacy_pilot_20,popularity_distinct_users,standard,100,False,1644,100,0,7,0.0,100,0,7,0.0,0,0
legacy_pilot_20,popularity_distinct_users,standard,100,False,1773,100,0,5,0.0,100,0,3,0.0,0,0
legacy_pilot_20,popularity_distinct_users,standard,100,False,1865,100,0,21,0.0,100,0,19,0.0,0,0
legacy_pilot_20,popularity_distinct_users,standard,100,False,1921,100,0,5,0.0,100,0,4,0.0,0,0
legacy_pilot_20,popularity_distinct_users,standard,100,False,1991,100,0,5,0.0,100,0,3,0.0,0,0
legacy_pilot_20,popularity_distinct_users,standard,100,False,2174,100,2,12,0.16666666666666666,100,2,11,0.18181818181818182,0,0
legacy_pilot_20,popularity_distinct_users,standard,100,False,2204,100,2,17,0.11764705882352941,100,2,17,0.11764705882352941,0,0
legacy_pilot_20,popularity_distinct_users,standard,100,False,2441,100,1,9,0.1111111111111111,100,1,9,0.1111111111111111,0,0
legacy_pilot_20,popularity_distinct_users,standard,100,False,2481,100,1,13,0.07692307692307693,100,1,13,0.07692307692307693,0,0
legacy_pilot_20,popularity_distinct_users,standard,100,False,2652,100,1,31,0.03225806451612903,100,1,31,0.03225806451612903,0,0
legacy_pilot_20,popularity_distinct_users,standard,100,False,2930,100,0,5,0.0,100,0,4,0.0,0,0
legacy_pilot_20,popularity_distinct_users,standard,100,False,3013,100,1,5,0.2,100,1,5,0.2,0,0
all_dev_156,popularity_interaction_count,standard,100,True,42,100,2,13,0.15384615384615385,99,1,12,0.08333333333333333,1,1
all_dev_156,popularity_interaction_count,standard,100,True,56,100,0,5,0.0,100,0,4,0.0,0,0
all_dev_156,popularity_interaction_count,standard,100,True,69,100,1,6,0.16666666666666666,100,1,5,0.2,0,0
all_dev_156,popularity_interaction_count,standard,100,True,70,100,0,7,0.0,100,0,7,0.0,0,0
all_dev_156,popularity_interaction_count,standard,100,True,85,100,1,7,0.14285714285714285,99,0,6,0.0,1,1
all_dev_156,popularity_interaction_count,standard,100,True,111,100,2,11,0.18181818181818182,100,2,11,0.18181818181818182,0,0
all_dev_156,popularity_interaction_count,standard,100,True,176,100,0,5,0.0,100,0,2,0.0,0,0
all_dev_156,popularity_interaction_count,standard,100,True,209,100,0,5,0.0,100,0,5,0.0,0,0
all_dev_156,popularity_interaction_count,standard,100,True,210,100,0,8,0.0,100,0,6,0.0,0,0
all_dev_156,popularity_interaction_count,standard,100,True,224,100,2,21,0.09523809523809523,100,2,19,0.10526315789473684,0,0
all_dev_156,popularity_interaction_count,standard,100,True,230,100,1,7,0.14285714285714285,100,1,7,0.14285714285714285,0,0
all_dev_156,popularity_interaction_count,standard,100,True,304,100,0,8,0.0,100,0,8,0.0,0,0
all_dev_156,popularity_interaction_count,standard,100,True,326,100,0,5,0.0,100,0,4,0.0,0,0
all_dev_156,popularity_interaction_count,standard,100,True,328,100,1,25,0.04,100,1,23,0.043478260869565216,0,0
all_dev_156,popularity_interaction_count,standard,100,True,344,100,0,9,0.0,100,0,8,0.0,0,0
all_dev_156,popularity_interaction_count,standard,100,True,370,100,1,7,0.14285714285714285,100,1,7,0.14285714285714285,0,0
all_dev_156,popularity_interaction_count,standard,100,True,372,100,0,5,0.0,100,0,1,0.0,0,0
all_dev_156,popularity_interaction_count,standard,100,True,408,100,2,18,0.1111111111111111,100,2,17,0.11764705882352941,0,0
all_dev_156,popularity_interaction_count,standard,100,True,410,100,1,7,0.14285714285714285,99,0,6,0.0,1,1
all_dev_156,popularity_interaction_count,standard,100,True,426,100,0,5,0.0,100,0,0,,0,0
all_dev_156,popularity_interaction_count,standard,100,True,449,100,0,10,0.0,100,0,10,0.0,0,0
all_dev_156,popularity_interaction_count,standard,100,True,451,100,0,8,0.0,100,0,7,0.0,0,0
all_dev_156,popularity_interaction_count,standard,100,True,459,100,0,10,0.0,100,0,5,0.0,0,0
all_dev_156,popularity_interaction_count,standard,100,True,538,100,1,10,0.1,100,1,8,0.125,0,0
all_dev_156,popularity_interaction_count,standard,100,True,555,100,0,5,0.0,100,0,5,0.0,0,0
all_dev_156,popularity_interaction_count,standard,100,True,560,100,0,9,0.0,100,0,8,0.0,0,0
all_dev_156,popularity_interaction_count,standard,100,True,567,100,0,5,0.0,100,0,5,0.0,0,0
all_dev_156,popularity_interaction_count,standard,100,True,581,100,2,5,0.4,100,2,5,0.4,0,0
all_dev_156,popularity_interaction_count,standard,100,True,588,100,0,5,0.0,100,0,5,0.0,0,0
all_dev_156,popularity_interaction_count,standard,100,True,590,100,1,11,0.09090909090909091,100,1,10,0.1,0,0
all_dev_156,popularity_interaction_count,standard,100,True,596,100,0,5,0.0,100,0,2,0.0,0,0
all_dev_156,popularity_interaction_count,standard,100,True,599,100,0,6,0.0,100,0,3,0.0,0,0
all_dev_156,popularity_interaction_count,standard,100,True,605,100,0,10,0.0,100,0,10,0.0,0,0
all_dev_156,popularity_interaction_count,standard,100,True,670,100,0,6,0.0,100,0,6,0.0,0,0
all_dev_156,popularity_interaction_count,standard,100,True,709,100,0,8,0.0,100,0,8,0.0,0,0
all_dev_156,popularity_interaction_count,standard,100,True,743,100,1,5,0.2,100,1,4,0.25,0,0
all_dev_156,popularity_interaction_count,standard,100,True,781,100,0,5,0.0,100,0,4,0.0,0,0
all_dev_156,popularity_interaction_count,standard,100,True,803,100,0,8,0.0,100,0,7,0.0,0,0
all_dev_156,popularity_interaction_count,standard,100,True,805,100,3,19,0.15789473684210525,99,2,16,0.125,1,1
all_dev_156,popularity_interaction_count,standard,100,True,810,100,0,5,0.0,100,0,5,0.0,0,0
all_dev_156,popularity_interaction_count,standard,100,True,820,100,2,19,0.10526315789473684,100,2,17,0.11764705882352941,0,0
all_dev_156,popularity_interaction_count,standard,100,True,822,100,1,9,0.1111111111111111,100,1,9,0.1111111111111111,0,0
all_dev_156,popularity_interaction_count,standard,100,True,824,100,1,9,0.1111111111111111,100,1,8,0.125,0,0
all_dev_156,popularity_interaction_count,standard,100,True,833,100,0,7,0.0,100,0,6,0.0,0,0
all_dev_156,popularity_interaction_count,standard,100,True,836,100,1,6,0.16666666666666666,100,1,6,0.16666666666666666,0,0
all_dev_156,popularity_interaction_count,standard,100,True,912,100,0,5,0.0,100,0,3,0.0,0,0
all_dev_156,popularity_interaction_count,standard,100,True,932,100,0,7,0.0,100,0,2,0.0,0,0
all_dev_156,popularity_interaction_count,standard,100,True,935,100,0,7,0.0,100,0,7,0.0,0,0
all_dev_156,popularity_interaction_count,standard,100,True,940,100,0,8,0.0,100,0,8,0.0,0,0
all_dev_156,popularity_interaction_count,standard,100,True,958,100,0,7,0.0,100,0,5,0.0,0,0
all_dev_156,popularity_interaction_count,standard,100,True,1077,100,0,7,0.0,100,0,7,0.0,0,0
all_dev_156,popularity_interaction_count,standard,100,True,1090,100,2,15,0.13333333333333333,100,2,13,0.15384615384615385,0,0
all_dev_156,popularity_interaction_count,standard,100,True,1098,100,0,8,0.0,100,0,8,0.0,0,0
all_dev_156,popularity_interaction_count,standard,100,True,1127,100,1,6,0.16666666666666666,100,1,5,0.2,0,0
all_dev_156,popularity_interaction_count,standard,100,True,1145,100,0,6,0.0,100,0,4,0.0,0,0
all_dev_156,popularity_interaction_count,standard,100,True,1164,100,0,8,0.0,100,0,7,0.0,0,0
all_dev_156,popularity_interaction_count,standard,100,True,1204,100,6,37,0.16216216216216217,100,6,36,0.16666666666666666,0,0
all_dev_156,popularity_interaction_count,standard,100,True,1263,100,0,8,0.0,100,0,7,0.0,0,0
all_dev_156,popularity_interaction_count,standard,100,True,1285,100,0,5,0.0,100,0,4,0.0,0,0
all_dev_156,popularity_interaction_count,standard,100,True,1313,100,1,12,0.08333333333333333,100,1,12,0.08333333333333333,0,0
all_dev_156,popularity_interaction_count,standard,100,True,1323,100,0,5,0.0,100,0,3,0.0,0,0
all_dev_156,popularity_interaction_count,standard,100,True,1365,100,0,26,0.0,100,0,26,0.0,0,0
all_dev_156,popularity_interaction_count,standard,100,True,1376,100,0,5,0.0,100,0,4,0.0,0,0
all_dev_156,popularity_interaction_count,standard,100,True,1382,100,0,10,0.0,100,0,10,0.0,0,0
all_dev_156,popularity_interaction_count,standard,100,True,1397,100,0,5,0.0,100,0,1,0.0,0,0
all_dev_156,popularity_interaction_count,standard,100,True,1428,100,0,6,0.0,100,0,6,0.0,0,0
all_dev_156,popularity_interaction_count,standard,100,True,1440,100,0,5,0.0,100,0,5,0.0,0,0
all_dev_156,popularity_interaction_count,standard,100,True,1447,100,0,6,0.0,100,0,3,0.0,0,0
all_dev_156,popularity_interaction_count,standard,100,True,1467,100,0,5,0.0,100,0,4,0.0,0,0
all_dev_156,popularity_interaction_count,standard,100,True,1472,100,1,9,0.1111111111111111,100,1,8,0.125,0,0
all_dev_156,popularity_interaction_count,standard,100,True,1494,100,0,15,0.0,100,0,12,0.0,0,0
all_dev_156,popularity_interaction_count,standard,100,True,1500,100,0,6,0.0,100,0,5,0.0,0,0
all_dev_156,popularity_interaction_count,standard,100,True,1503,100,3,6,0.5,100,3,6,0.5,0,0
all_dev_156,popularity_interaction_count,standard,100,True,1527,100,0,7,0.0,100,0,5,0.0,0,0
all_dev_156,popularity_interaction_count,standard,100,True,1530,100,0,7,0.0,100,0,4,0.0,0,0
all_dev_156,popularity_interaction_count,standard,100,True,1532,100,0,5,0.0,100,0,3,0.0,0,0
all_dev_156,popularity_interaction_count,standard,100,True,1540,100,1,31,0.03225806451612903,100,1,25,0.04,0,0
all_dev_156,popularity_interaction_count,standard,100,True,1604,100,2,15,0.13333333333333333,100,2,15,0.13333333333333333,0,0
all_dev_156,popularity_interaction_count,standard,100,True,1640,100,0,16,0.0,100,0,15,0.0,0,0
all_dev_156,popularity_interaction_count,standard,100,True,1644,100,0,7,0.0,100,0,7,0.0,0,0
all_dev_156,popularity_interaction_count,standard,100,True,1661,100,0,6,0.0,100,0,4,0.0,0,0
all_dev_156,popularity_interaction_count,standard,100,True,1742,100,10,51,0.19607843137254902,100,10,51,0.19607843137254902,0,0
all_dev_156,popularity_interaction_count,standard,100,True,1750,100,1,8,0.125,100,1,8,0.125,0,0
all_dev_156,popularity_interaction_count,standard,100,True,1753,100,0,5,0.0,100,0,4,0.0,0,0
all_dev_156,popularity_interaction_count,standard,100,True,1765,100,0,6,0.0,100,0,3,0.0,0,0
all_dev_156,popularity_interaction_count,standard,100,True,1773,100,0,5,0.0,100,0,3,0.0,0,0
all_dev_156,popularity_interaction_count,standard,100,True,1774,100,1,6,0.16666666666666666,100,1,5,0.2,0,0
all_dev_156,popularity_interaction_count,standard,100,True,1824,100,0,13,0.0,100,0,13,0.0,0,0
all_dev_156,popularity_interaction_count,standard,100,True,1838,100,0,6,0.0,100,0,6,0.0,0,0
all_dev_156,popularity_interaction_count,standard,100,True,1865,100,0,21,0.0,100,0,19,0.0,0,0
all_dev_156,popularity_interaction_count,standard,100,True,1881,100,0,7,0.0,100,0,6,0.0,0,0
all_dev_156,popularity_interaction_count,standard,100,True,1896,100,1,13,0.07692307692307693,100,1,13,0.07692307692307693,0,0
all_dev_156,popularity_interaction_count,standard,100,True,1920,100,0,5,0.0,100,0,3,0.0,0,0
all_dev_156,popularity_interaction_count,standard,100,True,1921,100,0,5,0.0,100,0,4,0.0,0,0
all_dev_156,popularity_interaction_count,standard,100,True,1945,100,1,12,0.08333333333333333,100,1,12,0.08333333333333333,0,0
all_dev_156,popularity_interaction_count,standard,100,True,1955,100,0,7,0.0,100,0,7,0.0,0,0
all_dev_156,popularity_interaction_count,standard,100,True,1967,100,0,5,0.0,100,0,5,0.0,0,0
all_dev_156,popularity_interaction_count,standard,100,True,1970,100,0,12,0.0,100,0,12,0.0,0,0
all_dev_156,popularity_interaction_count,standard,100,True,1991,100,0,5,0.0,100,0,3,0.0,0,0
all_dev_156,popularity_interaction_count,standard,100,True,2016,100,1,30,0.03333333333333333,99,0,29,0.0,1,1
all_dev_156,popularity_interaction_count,standard,100,True,2031,100,1,19,0.05263157894736842,100,1,18,0.05555555555555555,0,0
all_dev_156,popularity_interaction_count,standard,100,True,2040,100,0,8,0.0,100,0,8,0.0,0,0
all_dev_156,popularity_interaction_count,standard,100,True,2050,100,0,16,0.0,100,0,16,0.0,0,0
all_dev_156,popularity_interaction_count,standard,100,True,2069,100,0,5,0.0,100,0,5,0.0,0,0
all_dev_156,popularity_interaction_count,standard,100,True,2096,100,0,6,0.0,100,0,5,0.0,0,0
all_dev_156,popularity_interaction_count,standard,100,True,2104,100,1,11,0.09090909090909091,100,1,11,0.09090909090909091,0,0
all_dev_156,popularity_interaction_count,standard,100,True,2110,100,2,13,0.15384615384615385,100,2,12,0.16666666666666666,0,0
all_dev_156,popularity_interaction_count,standard,100,True,2126,100,0,15,0.0,100,0,14,0.0,0,0
all_dev_156,popularity_interaction_count,standard,100,True,2134,100,0,9,0.0,100,0,7,0.0,0,0
all_dev_156,popularity_interaction_count,standard,100,True,2174,100,2,12,0.16666666666666666,100,2,11,0.18181818181818182,0,0
all_dev_156,popularity_interaction_count,standard,100,True,2181,100,0,5,0.0,100,0,4,0.0,0,0
all_dev_156,popularity_interaction_count,standard,100,True,2183,100,0,11,0.0,100,0,11,0.0,0,0
all_dev_156,popularity_interaction_count,standard,100,True,2204,100,2,17,0.11764705882352941,100,2,17,0.11764705882352941,0,0
all_dev_156,popularity_interaction_count,standard,100,True,2220,100,0,7,0.0,100,0,6,0.0,0,0
all_dev_156,popularity_interaction_count,standard,100,True,2247,100,0,5,0.0,100,0,1,0.0,0,0
all_dev_156,popularity_interaction_count,standard,100,True,2271,100,0,6,0.0,100,0,5,0.0,0,0
all_dev_156,popularity_interaction_count,standard,100,True,2287,100,0,10,0.0,100,0,10,0.0,0,0
all_dev_156,popularity_interaction_count,standard,100,True,2316,100,0,8,0.0,100,0,5,0.0,0,0
all_dev_156,popularity_interaction_count,standard,100,True,2336,100,8,53,0.1509433962264151,100,8,52,0.15384615384615385,0,0
all_dev_156,popularity_interaction_count,standard,100,True,2354,100,1,6,0.16666666666666666,100,1,5,0.2,0,0
all_dev_156,popularity_interaction_count,standard,100,True,2412,100,0,9,0.0,100,0,7,0.0,0,0
all_dev_156,popularity_interaction_count,standard,100,True,2441,100,1,9,0.1111111111111111,100,1,9,0.1111111111111111,0,0
all_dev_156,popularity_interaction_count,standard,100,True,2443,100,0,7,0.0,100,0,7,0.0,0,0
all_dev_156,popularity_interaction_count,standard,100,True,2481,100,1,13,0.07692307692307693,100,1,13,0.07692307692307693,0,0
all_dev_156,popularity_interaction_count,standard,100,True,2505,100,1,18,0.05555555555555555,100,1,18,0.05555555555555555,0,0
all_dev_156,popularity_interaction_count,standard,100,True,2527,100,3,9,0.3333333333333333,100,3,9,0.3333333333333333,0,0
all_dev_156,popularity_interaction_count,standard,100,True,2531,100,2,39,0.05128205128205128,100,2,39,0.05128205128205128,0,0
all_dev_156,popularity_interaction_count,standard,100,True,2569,100,0,5,0.0,100,0,4,0.0,0,0
all_dev_156,popularity_interaction_count,standard,100,True,2645,100,2,9,0.2222222222222222,100,2,8,0.25,0,0
all_dev_156,popularity_interaction_count,standard,100,True,2652,100,1,31,0.03225806451612903,100,1,31,0.03225806451612903,0,0
all_dev_156,popularity_interaction_count,standard,100,True,2665,100,0,6,0.0,100,0,6,0.0,0,0
all_dev_156,popularity_interaction_count,standard,100,True,2669,100,0,5,0.0,100,0,2,0.0,0,0
all_dev_156,popularity_interaction_count,standard,100,True,2675,100,2,15,0.13333333333333333,100,2,13,0.15384615384615385,0,0
all_dev_156,popularity_interaction_count,standard,100,True,2756,100,1,17,0.058823529411764705,100,1,15,0.06666666666666667,0,0
all_dev_156,popularity_interaction_count,standard,100,True,2766,100,2,16,0.125,100,2,15,0.13333333333333333,0,0
all_dev_156,popularity_interaction_count,standard,100,True,2781,100,0,13,0.0,100,0,12,0.0,0,0
all_dev_156,popularity_interaction_count,standard,100,True,2782,100,0,7,0.0,100,0,7,0.0,0,0
all_dev_156,popularity_interaction_count,standard,100,True,2783,100,0,5,0.0,100,0,4,0.0,0,0
all_dev_156,popularity_interaction_count,standard,100,True,2821,100,1,23,0.043478260869565216,100,1,22,0.045454545454545456,0,0
all_dev_156,popularity_interaction_count,standard,100,True,2844,100,0,5,0.0,100,0,5,0.0,0,0
all_dev_156,popularity_interaction_count,standard,100,True,2862,100,0,9,0.0,100,0,9,0.0,0,0
all_dev_156,popularity_interaction_count,standard,100,True,2879,100,0,5,0.0,100,0,2,0.0,0,0
all_dev_156,popularity_interaction_count,standard,100,True,2906,100,0,6,0.0,100,0,5,0.0,0,0
all_dev_156,popularity_interaction_count,standard,100,True,2923,100,0,5,0.0,100,0,5,0.0,0,0
all_dev_156,popularity_interaction_count,standard,100,True,2930,100,0,5,0.0,100,0,4,0.0,0,0
all_dev_156,popularity_interaction_count,standard,100,True,2957,100,0,8,0.0,100,0,8,0.0,0,0
all_dev_156,popularity_interaction_count,standard,100,True,2988,100,0,6,0.0,100,0,6,0.0,0,0
all_dev_156,popularity_interaction_count,standard,100,True,2990,100,0,5,0.0,100,0,4,0.0,0,0
all_dev_156,popularity_interaction_count,standard,100,True,3003,100,0,6,0.0,100,0,5,0.0,0,0
all_dev_156,popularity_interaction_count,standard,100,True,3013,100,1,5,0.2,100,1,5,0.2,0,0
all_dev_156,popularity_interaction_count,standard,100,True,3035,100,0,7,0.0,100,0,7,0.0,0,0
all_dev_156,popularity_interaction_count,standard,100,True,3059,100,0,9,0.0,100,0,9,0.0,0,0
all_dev_156,popularity_interaction_count,standard,100,True,3082,100,0,10,0.0,100,0,8,0.0,0,0
all_dev_156,popularity_interaction_count,standard,100,True,3099,100,0,5,0.0,100,0,3,0.0,0,0
all_dev_156,popularity_interaction_count,standard,100,True,3118,100,0,14,0.0,100,0,13,0.0,0,0
all_dev_156,popularity_interaction_count,standard,100,True,3120,100,1,9,0.1111111111111111,100,1,8,0.125,0,0
all_dev_156,popularity_distinct_users,standard,100,False,42,100,2,13,0.15384615384615385,99,1,12,0.08333333333333333,1,1
all_dev_156,popularity_distinct_users,standard,100,False,56,100,0,5,0.0,100,0,4,0.0,0,0
all_dev_156,popularity_distinct_users,standard,100,False,69,100,1,6,0.16666666666666666,100,1,5,0.2,0,0
all_dev_156,popularity_distinct_users,standard,100,False,70,100,0,7,0.0,100,0,7,0.0,0,0
all_dev_156,popularity_distinct_users,standard,100,False,85,100,1,7,0.14285714285714285,99,0,6,0.0,1,1
all_dev_156,popularity_distinct_users,standard,100,False,111,100,2,11,0.18181818181818182,100,2,11,0.18181818181818182,0,0
all_dev_156,popularity_distinct_users,standard,100,False,176,100,0,5,0.0,100,0,2,0.0,0,0
all_dev_156,popularity_distinct_users,standard,100,False,209,100,0,5,0.0,100,0,5,0.0,0,0
all_dev_156,popularity_distinct_users,standard,100,False,210,100,0,8,0.0,100,0,6,0.0,0,0
all_dev_156,popularity_distinct_users,standard,100,False,224,100,2,21,0.09523809523809523,100,2,19,0.10526315789473684,0,0
all_dev_156,popularity_distinct_users,standard,100,False,230,100,1,7,0.14285714285714285,100,1,7,0.14285714285714285,0,0
all_dev_156,popularity_distinct_users,standard,100,False,304,100,0,8,0.0,100,0,8,0.0,0,0
all_dev_156,popularity_distinct_users,standard,100,False,326,100,0,5,0.0,100,0,4,0.0,0,0
all_dev_156,popularity_distinct_users,standard,100,False,328,100,1,25,0.04,100,1,23,0.043478260869565216,0,0
all_dev_156,popularity_distinct_users,standard,100,False,344,100,0,9,0.0,100,0,8,0.0,0,0
all_dev_156,popularity_distinct_users,standard,100,False,370,100,1,7,0.14285714285714285,100,1,7,0.14285714285714285,0,0
all_dev_156,popularity_distinct_users,standard,100,False,372,100,0,5,0.0,100,0,1,0.0,0,0
all_dev_156,popularity_distinct_users,standard,100,False,408,100,2,18,0.1111111111111111,100,2,17,0.11764705882352941,0,0
all_dev_156,popularity_distinct_users,standard,100,False,410,100,1,7,0.14285714285714285,99,0,6,0.0,1,1
all_dev_156,popularity_distinct_users,standard,100,False,426,100,0,5,0.0,100,0,0,,0,0
all_dev_156,popularity_distinct_users,standard,100,False,449,100,0,10,0.0,100,0,10,0.0,0,0
all_dev_156,popularity_distinct_users,standard,100,False,451,100,0,8,0.0,100,0,7,0.0,0,0
all_dev_156,popularity_distinct_users,standard,100,False,459,100,0,10,0.0,100,0,5,0.0,0,0
all_dev_156,popularity_distinct_users,standard,100,False,538,100,1,10,0.1,100,1,8,0.125,0,0
all_dev_156,popularity_distinct_users,standard,100,False,555,100,0,5,0.0,100,0,5,0.0,0,0
all_dev_156,popularity_distinct_users,standard,100,False,560,100,0,9,0.0,100,0,8,0.0,0,0
all_dev_156,popularity_distinct_users,standard,100,False,567,100,0,5,0.0,100,0,5,0.0,0,0
all_dev_156,popularity_distinct_users,standard,100,False,581,100,2,5,0.4,100,2,5,0.4,0,0
all_dev_156,popularity_distinct_users,standard,100,False,588,100,0,5,0.0,100,0,5,0.0,0,0
all_dev_156,popularity_distinct_users,standard,100,False,590,100,1,11,0.09090909090909091,100,1,10,0.1,0,0
all_dev_156,popularity_distinct_users,standard,100,False,596,100,0,5,0.0,100,0,2,0.0,0,0
all_dev_156,popularity_distinct_users,standard,100,False,599,100,0,6,0.0,100,0,3,0.0,0,0
all_dev_156,popularity_distinct_users,standard,100,False,605,100,0,10,0.0,100,0,10,0.0,0,0
all_dev_156,popularity_distinct_users,standard,100,False,670,100,0,6,0.0,100,0,6,0.0,0,0
all_dev_156,popularity_distinct_users,standard,100,False,709,100,0,8,0.0,100,0,8,0.0,0,0
all_dev_156,popularity_distinct_users,standard,100,False,743,100,1,5,0.2,100,1,4,0.25,0,0
all_dev_156,popularity_distinct_users,standard,100,False,781,100,0,5,0.0,100,0,4,0.0,0,0
all_dev_156,popularity_distinct_users,standard,100,False,803,100,0,8,0.0,100,0,7,0.0,0,0
all_dev_156,popularity_distinct_users,standard,100,False,805,100,3,19,0.15789473684210525,99,2,16,0.125,1,1
all_dev_156,popularity_distinct_users,standard,100,False,810,100,0,5,0.0,100,0,5,0.0,0,0
all_dev_156,popularity_distinct_users,standard,100,False,820,100,2,19,0.10526315789473684,100,2,17,0.11764705882352941,0,0
all_dev_156,popularity_distinct_users,standard,100,False,822,100,1,9,0.1111111111111111,100,1,9,0.1111111111111111,0,0
all_dev_156,popularity_distinct_users,standard,100,False,824,100,1,9,0.1111111111111111,100,1,8,0.125,0,0
all_dev_156,popularity_distinct_users,standard,100,False,833,100,0,7,0.0,100,0,6,0.0,0,0
all_dev_156,popularity_distinct_users,standard,100,False,836,100,1,6,0.16666666666666666,100,1,6,0.16666666666666666,0,0
all_dev_156,popularity_distinct_users,standard,100,False,912,100,0,5,0.0,100,0,3,0.0,0,0
all_dev_156,popularity_distinct_users,standard,100,False,932,100,0,7,0.0,100,0,2,0.0,0,0
all_dev_156,popularity_distinct_users,standard,100,False,935,100,0,7,0.0,100,0,7,0.0,0,0
all_dev_156,popularity_distinct_users,standard,100,False,940,100,0,8,0.0,100,0,8,0.0,0,0
all_dev_156,popularity_distinct_users,standard,100,False,958,100,0,7,0.0,100,0,5,0.0,0,0
all_dev_156,popularity_distinct_users,standard,100,False,1077,100,0,7,0.0,100,0,7,0.0,0,0
all_dev_156,popularity_distinct_users,standard,100,False,1090,100,2,15,0.13333333333333333,100,2,13,0.15384615384615385,0,0
all_dev_156,popularity_distinct_users,standard,100,False,1098,100,0,8,0.0,100,0,8,0.0,0,0
all_dev_156,popularity_distinct_users,standard,100,False,1127,100,1,6,0.16666666666666666,100,1,5,0.2,0,0
all_dev_156,popularity_distinct_users,standard,100,False,1145,100,0,6,0.0,100,0,4,0.0,0,0
all_dev_156,popularity_distinct_users,standard,100,False,1164,100,0,8,0.0,100,0,7,0.0,0,0
all_dev_156,popularity_distinct_users,standard,100,False,1204,100,6,37,0.16216216216216217,100,6,36,0.16666666666666666,0,0
all_dev_156,popularity_distinct_users,standard,100,False,1263,100,0,8,0.0,100,0,7,0.0,0,0
all_dev_156,popularity_distinct_users,standard,100,False,1285,100,0,5,0.0,100,0,4,0.0,0,0
all_dev_156,popularity_distinct_users,standard,100,False,1313,100,1,12,0.08333333333333333,100,1,12,0.08333333333333333,0,0
all_dev_156,popularity_distinct_users,standard,100,False,1323,100,0,5,0.0,100,0,3,0.0,0,0
all_dev_156,popularity_distinct_users,standard,100,False,1365,100,0,26,0.0,100,0,26,0.0,0,0
all_dev_156,popularity_distinct_users,standard,100,False,1376,100,0,5,0.0,100,0,4,0.0,0,0
all_dev_156,popularity_distinct_users,standard,100,False,1382,100,0,10,0.0,100,0,10,0.0,0,0
all_dev_156,popularity_distinct_users,standard,100,False,1397,100,0,5,0.0,100,0,1,0.0,0,0
all_dev_156,popularity_distinct_users,standard,100,False,1428,100,0,6,0.0,100,0,6,0.0,0,0
all_dev_156,popularity_distinct_users,standard,100,False,1440,100,0,5,0.0,100,0,5,0.0,0,0
all_dev_156,popularity_distinct_users,standard,100,False,1447,100,0,6,0.0,100,0,3,0.0,0,0
all_dev_156,popularity_distinct_users,standard,100,False,1467,100,0,5,0.0,100,0,4,0.0,0,0
all_dev_156,popularity_distinct_users,standard,100,False,1472,100,1,9,0.1111111111111111,100,1,8,0.125,0,0
all_dev_156,popularity_distinct_users,standard,100,False,1494,100,0,15,0.0,100,0,12,0.0,0,0
all_dev_156,popularity_distinct_users,standard,100,False,1500,100,0,6,0.0,100,0,5,0.0,0,0
all_dev_156,popularity_distinct_users,standard,100,False,1503,100,3,6,0.5,100,3,6,0.5,0,0
all_dev_156,popularity_distinct_users,standard,100,False,1527,100,0,7,0.0,100,0,5,0.0,0,0
all_dev_156,popularity_distinct_users,standard,100,False,1530,100,0,7,0.0,100,0,4,0.0,0,0
all_dev_156,popularity_distinct_users,standard,100,False,1532,100,0,5,0.0,100,0,3,0.0,0,0
all_dev_156,popularity_distinct_users,standard,100,False,1540,100,1,31,0.03225806451612903,100,1,25,0.04,0,0
all_dev_156,popularity_distinct_users,standard,100,False,1604,100,2,15,0.13333333333333333,100,2,15,0.13333333333333333,0,0
all_dev_156,popularity_distinct_users,standard,100,False,1640,100,0,16,0.0,100,0,15,0.0,0,0
all_dev_156,popularity_distinct_users,standard,100,False,1644,100,0,7,0.0,100,0,7,0.0,0,0
all_dev_156,popularity_distinct_users,standard,100,False,1661,100,0,6,0.0,100,0,4,0.0,0,0
all_dev_156,popularity_distinct_users,standard,100,False,1742,100,10,51,0.19607843137254902,100,10,51,0.19607843137254902,0,0
all_dev_156,popularity_distinct_users,standard,100,False,1750,100,1,8,0.125,100,1,8,0.125,0,0
all_dev_156,popularity_distinct_users,standard,100,False,1753,100,0,5,0.0,100,0,4,0.0,0,0
all_dev_156,popularity_distinct_users,standard,100,False,1765,100,0,6,0.0,100,0,3,0.0,0,0
all_dev_156,popularity_distinct_users,standard,100,False,1773,100,0,5,0.0,100,0,3,0.0,0,0
all_dev_156,popularity_distinct_users,standard,100,False,1774,100,1,6,0.16666666666666666,100,1,5,0.2,0,0
all_dev_156,popularity_distinct_users,standard,100,False,1824,100,0,13,0.0,100,0,13,0.0,0,0
all_dev_156,popularity_distinct_users,standard,100,False,1838,100,0,6,0.0,100,0,6,0.0,0,0
all_dev_156,popularity_distinct_users,standard,100,False,1865,100,0,21,0.0,100,0,19,0.0,0,0
all_dev_156,popularity_distinct_users,standard,100,False,1881,100,0,7,0.0,100,0,6,0.0,0,0
all_dev_156,popularity_distinct_users,standard,100,False,1896,100,1,13,0.07692307692307693,100,1,13,0.07692307692307693,0,0
all_dev_156,popularity_distinct_users,standard,100,False,1920,100,0,5,0.0,100,0,3,0.0,0,0
all_dev_156,popularity_distinct_users,standard,100,False,1921,100,0,5,0.0,100,0,4,0.0,0,0
all_dev_156,popularity_distinct_users,standard,100,False,1945,100,1,12,0.08333333333333333,100,1,12,0.08333333333333333,0,0
all_dev_156,popularity_distinct_users,standard,100,False,1955,100,0,7,0.0,100,0,7,0.0,0,0
all_dev_156,popularity_distinct_users,standard,100,False,1967,100,0,5,0.0,100,0,5,0.0,0,0
all_dev_156,popularity_distinct_users,standard,100,False,1970,100,0,12,0.0,100,0,12,0.0,0,0
all_dev_156,popularity_distinct_users,standard,100,False,1991,100,0,5,0.0,100,0,3,0.0,0,0
all_dev_156,popularity_distinct_users,standard,100,False,2016,100,1,30,0.03333333333333333,99,0,29,0.0,1,1
all_dev_156,popularity_distinct_users,standard,100,False,2031,100,1,19,0.05263157894736842,100,1,18,0.05555555555555555,0,0
all_dev_156,popularity_distinct_users,standard,100,False,2040,100,0,8,0.0,100,0,8,0.0,0,0
all_dev_156,popularity_distinct_users,standard,100,False,2050,100,0,16,0.0,100,0,16,0.0,0,0
all_dev_156,popularity_distinct_users,standard,100,False,2069,100,0,5,0.0,100,0,5,0.0,0,0
all_dev_156,popularity_distinct_users,standard,100,False,2096,100,0,6,0.0,100,0,5,0.0,0,0
all_dev_156,popularity_distinct_users,standard,100,False,2104,100,1,11,0.09090909090909091,100,1,11,0.09090909090909091,0,0
all_dev_156,popularity_distinct_users,standard,100,False,2110,100,2,13,0.15384615384615385,100,2,12,0.16666666666666666,0,0
all_dev_156,popularity_distinct_users,standard,100,False,2126,100,0,15,0.0,100,0,14,0.0,0,0
all_dev_156,popularity_distinct_users,standard,100,False,2134,100,0,9,0.0,100,0,7,0.0,0,0
all_dev_156,popularity_distinct_users,standard,100,False,2174,100,2,12,0.16666666666666666,100,2,11,0.18181818181818182,0,0
all_dev_156,popularity_distinct_users,standard,100,False,2181,100,0,5,0.0,100,0,4,0.0,0,0
all_dev_156,popularity_distinct_users,standard,100,False,2183,100,0,11,0.0,100,0,11,0.0,0,0
all_dev_156,popularity_distinct_users,standard,100,False,2204,100,2,17,0.11764705882352941,100,2,17,0.11764705882352941,0,0
all_dev_156,popularity_distinct_users,standard,100,False,2220,100,0,7,0.0,100,0,6,0.0,0,0
all_dev_156,popularity_distinct_users,standard,100,False,2247,100,0,5,0.0,100,0,1,0.0,0,0
all_dev_156,popularity_distinct_users,standard,100,False,2271,100,0,6,0.0,100,0,5,0.0,0,0
all_dev_156,popularity_distinct_users,standard,100,False,2287,100,0,10,0.0,100,0,10,0.0,0,0
all_dev_156,popularity_distinct_users,standard,100,False,2316,100,0,8,0.0,100,0,5,0.0,0,0
all_dev_156,popularity_distinct_users,standard,100,False,2336,100,8,53,0.1509433962264151,100,8,52,0.15384615384615385,0,0
all_dev_156,popularity_distinct_users,standard,100,False,2354,100,1,6,0.16666666666666666,100,1,5,0.2,0,0
all_dev_156,popularity_distinct_users,standard,100,False,2412,100,0,9,0.0,100,0,7,0.0,0,0
all_dev_156,popularity_distinct_users,standard,100,False,2441,100,1,9,0.1111111111111111,100,1,9,0.1111111111111111,0,0
all_dev_156,popularity_distinct_users,standard,100,False,2443,100,0,7,0.0,100,0,7,0.0,0,0
all_dev_156,popularity_distinct_users,standard,100,False,2481,100,1,13,0.07692307692307693,100,1,13,0.07692307692307693,0,0
all_dev_156,popularity_distinct_users,standard,100,False,2505,100,1,18,0.05555555555555555,100,1,18,0.05555555555555555,0,0
all_dev_156,popularity_distinct_users,standard,100,False,2527,100,3,9,0.3333333333333333,100,3,9,0.3333333333333333,0,0
all_dev_156,popularity_distinct_users,standard,100,False,2531,100,2,39,0.05128205128205128,100,2,39,0.05128205128205128,0,0
all_dev_156,popularity_distinct_users,standard,100,False,2569,100,0,5,0.0,100,0,4,0.0,0,0
all_dev_156,popularity_distinct_users,standard,100,False,2645,100,2,9,0.2222222222222222,100,2,8,0.25,0,0
all_dev_156,popularity_distinct_users,standard,100,False,2652,100,1,31,0.03225806451612903,100,1,31,0.03225806451612903,0,0
all_dev_156,popularity_distinct_users,standard,100,False,2665,100,0,6,0.0,100,0,6,0.0,0,0
all_dev_156,popularity_distinct_users,standard,100,False,2669,100,0,5,0.0,100,0,2,0.0,0,0
all_dev_156,popularity_distinct_users,standard,100,False,2675,100,2,15,0.13333333333333333,100,2,13,0.15384615384615385,0,0
all_dev_156,popularity_distinct_users,standard,100,False,2756,100,1,17,0.058823529411764705,100,1,15,0.06666666666666667,0,0
all_dev_156,popularity_distinct_users,standard,100,False,2766,100,2,16,0.125,100,2,15,0.13333333333333333,0,0
all_dev_156,popularity_distinct_users,standard,100,False,2781,100,0,13,0.0,100,0,12,0.0,0,0
all_dev_156,popularity_distinct_users,standard,100,False,2782,100,0,7,0.0,100,0,7,0.0,0,0
all_dev_156,popularity_distinct_users,standard,100,False,2783,100,0,5,0.0,100,0,4,0.0,0,0
all_dev_156,popularity_distinct_users,standard,100,False,2821,100,1,23,0.043478260869565216,100,1,22,0.045454545454545456,0,0
all_dev_156,popularity_distinct_users,standard,100,False,2844,100,0,5,0.0,100,0,5,0.0,0,0
all_dev_156,popularity_distinct_users,standard,100,False,2862,100,0,9,0.0,100,0,9,0.0,0,0
all_dev_156,popularity_distinct_users,standard,100,False,2879,100,0,5,0.0,100,0,2,0.0,0,0
all_dev_156,popularity_distinct_users,standard,100,False,2906,100,0,6,0.0,100,0,5,0.0,0,0
all_dev_156,popularity_distinct_users,standard,100,False,2923,100,0,5,0.0,100,0,5,0.0,0,0
all_dev_156,popularity_distinct_users,standard,100,False,2930,100,0,5,0.0,100,0,4,0.0,0,0
all_dev_156,popularity_distinct_users,standard,100,False,2957,100,0,8,0.0,100,0,8,0.0,0,0
all_dev_156,popularity_distinct_users,standard,100,False,2988,100,0,6,0.0,100,0,6,0.0,0,0
all_dev_156,popularity_distinct_users,standard,100,False,2990,100,0,5,0.0,100,0,4,0.0,0,0
all_dev_156,popularity_distinct_users,standard,100,False,3003,100,0,6,0.0,100,0,5,0.0,0,0
all_dev_156,popularity_distinct_users,standard,100,False,3013,100,1,5,0.2,100,1,5,0.2,0,0
all_dev_156,popularity_distinct_users,standard,100,False,3035,100,0,7,0.0,100,0,7,0.0,0,0
all_dev_156,popularity_distinct_users,standard,100,False,3059,100,0,9,0.0,100,0,9,0.0,0,0
all_dev_156,popularity_distinct_users,standard,100,False,3082,100,0,10,0.0,100,0,8,0.0,0,0
all_dev_156,popularity_distinct_users,standard,100,False,3099,100,0,5,0.0,100,0,3,0.0,0,0
all_dev_156,popularity_distinct_users,standard,100,False,3118,100,0,14,0.0,100,0,13,0.0,0,0
all_dev_156,popularity_distinct_users,standard,100,False,3120,100,1,9,0.1111111111111111,100,1,8,0.125,0,0
