mode,rank,target_item_id,asin,title,visible_interactions,distinct_visible_users
interaction_count,1,7102,B001HBHNHE,Butler Creek Lula Universal Pistol Magazine Loader,1027,1027
interaction_count,2,7951,B001T7QJ9O,Howard Leight R-01526 Impact Sport Electronic Earmuff,748,748
interaction_count,3,4069,B000S5ODN2,Rothco 550lb. Type III Nylon Paracord,626,626
interaction_count,4,4787,B0010O748Q,Magnesium Fire Starter,501,501
interaction_count,5,249,B0000C50K3,Hoppe's BoreSnake Rifle Bore Cleaner (Choose Your Caliber),418,418
interaction_count,6,9736,B002ZYRV2E,"OFF SET TACTICAL Weapon Mount For Olight M20/M21/M30, Fenix TK11, TK12, TA21, JETBeam M1X/M2S/JET-III M/RRT-1/RRT-2 and many more 1"" Diameter size Flashlight",396,396
interaction_count,7,9251,B002OKWHVO,.223 Caliber Cartridge Laser Bore Sighter Boresighter,395,395
interaction_count,8,2456,B000GCRWCG,Emergency Mylar Thermal Blankets (Pack of 10),375,375
interaction_count,9,7103,B001HBHNHY,Butler Creek LULA All-in-One Magazine Speed Loader and Unloader 223 Remington 5.56mm NATO,366,366
interaction_count,10,10058,B0035L35A8,UTG Tactical OP Bipod - Tactical/Sniper Profile Adjustable Height,355,355
interaction_count,11,8185,B001WJ577O,"UTG Bipod, SWAT/Combat Profile, Adjustable Height",351,351
interaction_count,12,13098,B004U8CP88,Ultralight Backpacking Canister Camp Stove with Piezo Ignition 3.9oz,350,350
interaction_count,13,15076,B006X9DLQM,GDT AR15 AR 15 Front and Rear 45 Degree Rapid Transition BUIS Backup Iron Sight,343,343
interaction_count,14,13081,B004TNWD40,"Morakniv Companion Fixed Blade Outdoor Knife with Sandvik Carbon Steel Blade, Military Green, 4.1-Inch",342,342
interaction_count,15,5634,B00178CS4K,Survivor HK-106320 Outdoor Fixed Blade Knife 7 Overall WITH FIRE STARTER,335,335
interaction_count,16,14995,B006QF3TW4,LifeStraw Personal Water Filter,311,311
interaction_count,17,10959,B003NFI092,Ultimate Arms Gear Tactical 4 Reticle Red Dot Open Reflex Sight with Weaver-Picatinny Rail Mount,305,305
interaction_count,18,8225,B00200E0HM,"Bushnell Trophy TRS-25 Red Dot Sight Riflescope, 1 x 25mm (tilted front lens)",302,302
interaction_count,19,5857,B001949TKS,Potable Aqua Water Treatment Tablets,289,289
interaction_count,20,2876,B000JZ7JM8,Hogue Handall Full Size Grip Sleeve,283,283
interaction_count,21,1178,B0009R96YK,Mirrycle MTB Bar End Mountain Bicycle Mirror,282,282
interaction_count,22,5822,B0018S4XIS,Rayovac Sportsman LED Lantern SE3DLN,266,266
interaction_count,23,1371,B000AO5L8W,Polar Bottle Insulated Water Bottle,261,261
interaction_count,24,2135,B000FA1B9O,"Light My Fire Original Swedish FireSteel Army 12,000 Strike Fire Starter",255,255
interaction_count,25,6224,B001BQZSZ4,"Leapers Golden Image 38mm Red/Green Dot Sight, Integral Weaver Mount (SCP-RD40RGW)",254,254
interaction_count,26,8359,B0026OOS60,Chainmate Cm-24ssp 24-inch Survival Pocket Chain Saw with Pouch,253,253
interaction_count,27,8876,B002GO04MC,UTG Model 4/15 4 Prong A2 Front Sight Tool,247,247
interaction_count,28,10056,B0035KU9SK,UTG Tactical OP Bipod - SWAT/Combat Profile Adjustable Height,239,239
interaction_count,29,8624,B002BJBIRW,UTG Multi-functional Tactical Messenger Bag,235,235
interaction_count,30,12376,B004H9DO4Y,"Cold Steel 80PGTK GI Tanto 7"" Carbon",235,235
interaction_count,31,12982,B004RR0N8Q,"Magpul Gen 2 MBUS Rear Flip Sight, Black",234,234
interaction_count,32,11712,B00437VTJ2,Camelbak Podium Big Chill 25 oz Bottle,229,229
interaction_count,33,2278,B000FIE4AE,Topeak Alien II 26-Function Bicycle Tool,227,227
interaction_count,34,501,B0002IKANW,A-Zoom 9Mm Luger Precision Snap Caps (5 Pack),226,226
interaction_count,35,6780,B001F0IA1K,UTG 5th Gen Quick Detachable Double Rail AK Side Mount,226,226
interaction_count,36,7399,B001MK3GFS,Serfas TCPG Bicycle Floor Pump,225,225
interaction_count,37,3388,B000NLA4PM,"Nalgene Tritan Wide Mouth BPA-Free Water Bottle, 1-Quart",223,223
interaction_count,38,6672,B001E7S5BO,Light My Fire Titanium Spork,222,222
interaction_count,39,9479,B002TALNRS,Ibera Bicycle Lightweight Aluminum Water Bottle Cage,217,217
interaction_count,40,9842,B0030V95P2,Tapco Intrafuse T6 Rubber Butt Pad,217,217
interaction_count,41,5218,B0014VX2M2,GLOCK DISASSEMBLY TOOL,216,216
interaction_count,42,8167,B001WIYQNG,UTG Weaver Picatinny Style Tactical Low Profile Mount MNT-MB500T,215,215
interaction_count,43,6720,B001EI7578,Spyderco Tenacious Plain Edge Knife,214,214
interaction_count,44,8803,B002E6X44C,Tapco Intrafuse AR Stock Spanner Wrench TOOL0904,214,214
interaction_count,45,9068,B002KT3XQC,Pearl iZUMi Men's Quest Cycling Short,214,214
interaction_count,46,2586,B000H6QNGM,Hoppe's BoreSnake Pistol and Revolver Bore Cleaner (Choose Your Caliber),210,210
interaction_count,47,2237,B000FI6XGC,Topeak Pocket Rocket Master Blaster Bike Pump,208,208
interaction_count,48,4041,B000RYAKHC,"Planet Bike Blinky ""3"" 3-Led Rear Bicycle Light",208,208
interaction_count,49,12203,B004DT6TEK,Gerber 31-000699 Bear Grylls Survival Series Fire Starter,198,198
interaction_count,50,4200,B000U3YWEM,Glock Bench Mat,197,197
interaction_count,51,11982,B0048KGFHU,Tipton Polymer Gun Cleaning Picks,197,197
interaction_count,52,5520,B0016814WS,Allen Company Buttstock Shotgun Shell Holder,195,195
interaction_count,53,6285,B001BZPJRC,NcStar Airsoft/Paintball LED Flashlight/Quick Release Weaver (AQPTF),193,193
interaction_count,54,6176,B001B7ZB4Q,Frankford Arsenal Quick-N-Ez Impact Bullet Puller,190,190
interaction_count,55,4425,B000VYHK80,"Magpul Alum Enhanced Trigger Guard, Black",188,188
interaction_count,56,11690,B00435IPFK,Portland Design Works Danger Zone Tail Light,188,188
interaction_count,57,2569,B000H6GZI8,Hogue Rubber Grip Handall Jr. Small Size Grip Sleeve,187,187
interaction_count,58,3046,B000LC655Q,Allen Company Buttstock Rifle Cartridge Holder,186,186
interaction_count,59,6091,B001AT3KPC,Magpul Rubber Buttpads,186,186
interaction_count,60,3592,B000OTG7FE,BLACKHAWK! Serpa CQC Gun Metal Grey Sportster Holster,185,185
interaction_count,61,11063,B003R0LSMO,"Gerber 31-000751 Bear Grylls Survival Series Ultimate Knife, Serrated Edge",183,183
interaction_count,62,2120,B000F7RSFI,Remington T-72 Shooting Glasses,180,180
interaction_count,63,6395,B001CJ67E6,UTG Low Profile .22/Airgun to Picatinny/Weaver Rail Adaptor,180,180
interaction_count,64,3084,B000LIFB7S,D-Link Wireless N+300 Mbps Extreme-N Gigabit Router (DIR-655),178,178
interaction_count,65,7320,B001LF3IB6,GSI Outdoors Glacier Stainless Bottle Cup/Pot,178,178
interaction_count,66,10218,B00384755S,"GunVault NV200 NanoVault with Key Lock, Fits Full Size 1911 Style Pistols",177,177
interaction_count,67,15225,B0074FI28Q,Kershaw 1555TI Cryo SpeedSafe Folding Knife,177,177
interaction_count,68,11852,B004690CT0,All Steel Over Size Tactical Latch,176,176
interaction_count,69,8010,B001TR7QZA,Suisse Sport Adventurer Mummy Ultra-Compactable Sleeping Bag,175,175
interaction_count,70,518,B0002IL6M6,Crosman Pellgunoil® Air Gun Lubricating Oil (1/4 ounces),173,173
interaction_count,71,7168,B001ID4ZY0,Military Prismatic Sighting Compass w/ Pouch,173,173
interaction_count,72,3369,B000NJXWBM,BLACKHAWK! Serpa CQC Carbon Fiber Black Holster (Matte Finish),171,171
interaction_count,73,14213,B005J13VCO,Squirrel Daddy Ar15 / M16 Lower Receiver Magazine Vise Block Made In Usa,169,169
interaction_count,74,14764,B0068VM5T4,Tasc Performance Men's Carrollton Performance Running Tee Shirt,169,169
interaction_count,75,7065,B001H53Q6M,"KA-BAR Full Size US Marine Corps Fighting Knife, Straight",168,168
interaction_count,76,14495,B005UGIMNQ,"UTG 3-9x32 Compact CQB Bug Buster AO RGB Scope with Med. Picatinny Rings, 2"" Sunshade",168,168
interaction_count,77,2273,B000FIE3WI,Topeak Explorer Bike Rack,164,164
interaction_count,78,3875,B000Q9C4AE,Tri-Angle Sharpmaker,164,164
interaction_count,79,8189,B001WJ67S2,AccuShot Picatinny/Weaver Medium Profile 2-piece 1-inch Rings,164,164
interaction_count,80,2251,B000FIAU8O,Topeak Aero Wedge Pack with Buckle (Medium),163,163
interaction_count,81,2816,B000JF2ZB8,Park Tool Vulcanizing Patch Kit - VP-1,162,162
interaction_count,82,7117,B001HIT1UO,M44 Mosin Nagant Rubber Recoil Butt Pad,162,162
interaction_count,83,9249,B002OKSGAK,7.62 x 39 mm Caliber Cartridge Laser Bore Sighter Boresighter,162,162
interaction_count,84,5471,B00165P4X6,Avenir Bigmouth Velcro Seat Bag (Large- 75/106 Cubic Inches),161,161
interaction_count,85,2329,B000FN7UWS,Klean Kanteen Stainless Steel Water Bottle,160,160
interaction_count,86,13013,B004SKCUME,Caldwell Ar-15 Brass Catcher,159,159
interaction_count,87,1375,B000AO7ETQ,Bike Peddler Take A Look Cycling Eyeglass Mirror,157,157
interaction_count,88,2524,B000GU6Q34,Butler Creek Flip-Open Objective Scope Cover,157,157
interaction_count,89,8869,B002GNYCJ4,UTG .22 Tactical Low Profile Rail Mount (#22),157,157
interaction_count,90,224,B0000C1CLL,"HKS 36-A Revolver Speedloader for S&W 36, 37, 38, 40, 42,49, 60, 340, 360/ Taurus 85, 605, 651, 851/ Ruger SP101 (5 Shot)",156,156
interaction_count,91,9656,B002Y1IO7E,Bell Dawn Patrol LED Headlight,155,155
interaction_count,92,11934,B0047T4J20,GunMate Range Bag with Removable Hook and Loop Dividers,154,154
interaction_count,93,2523,B000GU6PZ8,Butler Creek Flip-Open Eyepiece Scope Cover,152,152
interaction_count,94,5079,B0013R67A6,"Hoppe's Precision Lubricating Oil, 14.9ml Bottle E/F",151,151
interaction_count,95,11209,B003TWX8HS,UTG 1-Inch High 13-slot Hi-profile Full Size Riser Mount,151,151
interaction_count,96,15748,B007WQKT1K,Smart Health Walking FIT,150,150
interaction_count,97,285,B0000C53GH,Allen Company Shotgun Shell Belt,149,149
interaction_count,98,6208,B001BL04PS,Howard Leight R-01523 Leightning L0F Ultra Lightweight NRR 23 Compact Folding Earmuff,149,149
interaction_count,99,15768,B007Y8YJ62,Paracord Planet Type III 7 Strand 550 Paracord - Made in the USA - Largest In Stock Selection of Paracord Colors,149,149
interaction_count,100,11516,B003ZTV6SI,VISM by NcStar Tactical Shotgun Scabbard,148,148
distinct_users,1,7102,B001HBHNHE,Butler Creek Lula Universal Pistol Magazine Loader,1027,1027
distinct_users,2,7951,B001T7QJ9O,Howard Leight R-01526 Impact Sport Electronic Earmuff,748,748
distinct_users,3,4069,B000S5ODN2,Rothco 550lb. Type III Nylon Paracord,626,626
distinct_users,4,4787,B0010O748Q,Magnesium Fire Starter,501,501
distinct_users,5,249,B0000C50K3,Hoppe's BoreSnake Rifle Bore Cleaner (Choose Your Caliber),418,418
distinct_users,6,9736,B002ZYRV2E,"OFF SET TACTICAL Weapon Mount For Olight M20/M21/M30, Fenix TK11, TK12, TA21, JETBeam M1X/M2S/JET-III M/RRT-1/RRT-2 and many more 1"" Diameter size Flashlight",396,396
distinct_users,7,9251,B002OKWHVO,.223 Caliber Cartridge Laser Bore Sighter Boresighter,395,395
distinct_users,8,2456,B000GCRWCG,Emergency Mylar Thermal Blankets (Pack of 10),375,375
distinct_users,9,7103,B001HBHNHY,Butler Creek LULA All-in-One Magazine Speed Loader and Unloader 223 Remington 5.56mm NATO,366,366
distinct_users,10,10058,B0035L35A8,UTG Tactical OP Bipod - Tactical/Sniper Profile Adjustable Height,355,355
distinct_users,11,8185,B001WJ577O,"UTG Bipod, SWAT/Combat Profile, Adjustable Height",351,351
distinct_users,12,13098,B004U8CP88,Ultralight Backpacking Canister Camp Stove with Piezo Ignition 3.9oz,350,350
distinct_users,13,15076,B006X9DLQM,GDT AR15 AR 15 Front and Rear 45 Degree Rapid Transition BUIS Backup Iron Sight,343,343
distinct_users,14,13081,B004TNWD40,"Morakniv Companion Fixed Blade Outdoor Knife with Sandvik Carbon Steel Blade, Military Green, 4.1-Inch",342,342
distinct_users,15,5634,B00178CS4K,Survivor HK-106320 Outdoor Fixed Blade Knife 7 Overall WITH FIRE STARTER,335,335
distinct_users,16,14995,B006QF3TW4,LifeStraw Personal Water Filter,311,311
distinct_users,17,10959,B003NFI092,Ultimate Arms Gear Tactical 4 Reticle Red Dot Open Reflex Sight with Weaver-Picatinny Rail Mount,305,305
distinct_users,18,8225,B00200E0HM,"Bushnell Trophy TRS-25 Red Dot Sight Riflescope, 1 x 25mm (tilted front lens)",302,302
distinct_users,19,5857,B001949TKS,Potable Aqua Water Treatment Tablets,289,289
distinct_users,20,2876,B000JZ7JM8,Hogue Handall Full Size Grip Sleeve,283,283
distinct_users,21,1178,B0009R96YK,Mirrycle MTB Bar End Mountain Bicycle Mirror,282,282
distinct_users,22,5822,B0018S4XIS,Rayovac Sportsman LED Lantern SE3DLN,266,266
distinct_users,23,1371,B000AO5L8W,Polar Bottle Insulated Water Bottle,261,261
distinct_users,24,2135,B000FA1B9O,"Light My Fire Original Swedish FireSteel Army 12,000 Strike Fire Starter",255,255
distinct_users,25,6224,B001BQZSZ4,"Leapers Golden Image 38mm Red/Green Dot Sight, Integral Weaver Mount (SCP-RD40RGW)",254,254
distinct_users,26,8359,B0026OOS60,Chainmate Cm-24ssp 24-inch Survival Pocket Chain Saw with Pouch,253,253
distinct_users,27,8876,B002GO04MC,UTG Model 4/15 4 Prong A2 Front Sight Tool,247,247
distinct_users,28,10056,B0035KU9SK,UTG Tactical OP Bipod - SWAT/Combat Profile Adjustable Height,239,239
distinct_users,29,8624,B002BJBIRW,UTG Multi-functional Tactical Messenger Bag,235,235
distinct_users,30,12376,B004H9DO4Y,"Cold Steel 80PGTK GI Tanto 7"" Carbon",235,235
distinct_users,31,12982,B004RR0N8Q,"Magpul Gen 2 MBUS Rear Flip Sight, Black",234,234
distinct_users,32,11712,B00437VTJ2,Camelbak Podium Big Chill 25 oz Bottle,229,229
distinct_users,33,2278,B000FIE4AE,Topeak Alien II 26-Function Bicycle Tool,227,227
distinct_users,34,501,B0002IKANW,A-Zoom 9Mm Luger Precision Snap Caps (5 Pack),226,226
distinct_users,35,6780,B001F0IA1K,UTG 5th Gen Quick Detachable Double Rail AK Side Mount,226,226
distinct_users,36,7399,B001MK3GFS,Serfas TCPG Bicycle Floor Pump,225,225
distinct_users,37,3388,B000NLA4PM,"Nalgene Tritan Wide Mouth BPA-Free Water Bottle, 1-Quart",223,223
distinct_users,38,6672,B001E7S5BO,Light My Fire Titanium Spork,222,222
distinct_users,39,9479,B002TALNRS,Ibera Bicycle Lightweight Aluminum Water Bottle Cage,217,217
distinct_users,40,9842,B0030V95P2,Tapco Intrafuse T6 Rubber Butt Pad,217,217
distinct_users,41,5218,B0014VX2M2,GLOCK DISASSEMBLY TOOL,216,216
distinct_users,42,8167,B001WIYQNG,UTG Weaver Picatinny Style Tactical Low Profile Mount MNT-MB500T,215,215
distinct_users,43,6720,B001EI7578,Spyderco Tenacious Plain Edge Knife,214,214
distinct_users,44,8803,B002E6X44C,Tapco Intrafuse AR Stock Spanner Wrench TOOL0904,214,214
distinct_users,45,9068,B002KT3XQC,Pearl iZUMi Men's Quest Cycling Short,214,214
distinct_users,46,2586,B000H6QNGM,Hoppe's BoreSnake Pistol and Revolver Bore Cleaner (Choose Your Caliber),210,210
distinct_users,47,2237,B000FI6XGC,Topeak Pocket Rocket Master Blaster Bike Pump,208,208
distinct_users,48,4041,B000RYAKHC,"Planet Bike Blinky ""3"" 3-Led Rear Bicycle Light",208,208
distinct_users,49,12203,B004DT6TEK,Gerber 31-000699 Bear Grylls Survival Series Fire Starter,198,198
distinct_users,50,4200,B000U3YWEM,Glock Bench Mat,197,197
distinct_users,51,11982,B0048KGFHU,Tipton Polymer Gun Cleaning Picks,197,197
distinct_users,52,5520,B0016814WS,Allen Company Buttstock Shotgun Shell Holder,195,195
distinct_users,53,6285,B001BZPJRC,NcStar Airsoft/Paintball LED Flashlight/Quick Release Weaver (AQPTF),193,193
distinct_users,54,6176,B001B7ZB4Q,Frankford Arsenal Quick-N-Ez Impact Bullet Puller,190,190
distinct_users,55,4425,B000VYHK80,"Magpul Alum Enhanced Trigger Guard, Black",188,188
distinct_users,56,11690,B00435IPFK,Portland Design Works Danger Zone Tail Light,188,188
distinct_users,57,2569,B000H6GZI8,Hogue Rubber Grip Handall Jr. Small Size Grip Sleeve,187,187
distinct_users,58,3046,B000LC655Q,Allen Company Buttstock Rifle Cartridge Holder,186,186
distinct_users,59,6091,B001AT3KPC,Magpul Rubber Buttpads,186,186
distinct_users,60,3592,B000OTG7FE,BLACKHAWK! Serpa CQC Gun Metal Grey Sportster Holster,185,185
distinct_users,61,11063,B003R0LSMO,"Gerber 31-000751 Bear Grylls Survival Series Ultimate Knife, Serrated Edge",183,183
distinct_users,62,2120,B000F7RSFI,Remington T-72 Shooting Glasses,180,180
distinct_users,63,6395,B001CJ67E6,UTG Low Profile .22/Airgun to Picatinny/Weaver Rail Adaptor,180,180
distinct_users,64,3084,B000LIFB7S,D-Link Wireless N+300 Mbps Extreme-N Gigabit Router (DIR-655),178,178
distinct_users,65,7320,B001LF3IB6,GSI Outdoors Glacier Stainless Bottle Cup/Pot,178,178
distinct_users,66,10218,B00384755S,"GunVault NV200 NanoVault with Key Lock, Fits Full Size 1911 Style Pistols",177,177
distinct_users,67,15225,B0074FI28Q,Kershaw 1555TI Cryo SpeedSafe Folding Knife,177,177
distinct_users,68,11852,B004690CT0,All Steel Over Size Tactical Latch,176,176
distinct_users,69,8010,B001TR7QZA,Suisse Sport Adventurer Mummy Ultra-Compactable Sleeping Bag,175,175
distinct_users,70,518,B0002IL6M6,Crosman Pellgunoil® Air Gun Lubricating Oil (1/4 ounces),173,173
distinct_users,71,7168,B001ID4ZY0,Military Prismatic Sighting Compass w/ Pouch,173,173
distinct_users,72,3369,B000NJXWBM,BLACKHAWK! Serpa CQC Carbon Fiber Black Holster (Matte Finish),171,171
distinct_users,73,14213,B005J13VCO,Squirrel Daddy Ar15 / M16 Lower Receiver Magazine Vise Block Made In Usa,169,169
distinct_users,74,14764,B0068VM5T4,Tasc Performance Men's Carrollton Performance Running Tee Shirt,169,169
distinct_users,75,7065,B001H53Q6M,"KA-BAR Full Size US Marine Corps Fighting Knife, Straight",168,168
distinct_users,76,14495,B005UGIMNQ,"UTG 3-9x32 Compact CQB Bug Buster AO RGB Scope with Med. Picatinny Rings, 2"" Sunshade",168,168
distinct_users,77,2273,B000FIE3WI,Topeak Explorer Bike Rack,164,164
distinct_users,78,3875,B000Q9C4AE,Tri-Angle Sharpmaker,164,164
distinct_users,79,8189,B001WJ67S2,AccuShot Picatinny/Weaver Medium Profile 2-piece 1-inch Rings,164,164
distinct_users,80,2251,B000FIAU8O,Topeak Aero Wedge Pack with Buckle (Medium),163,163
distinct_users,81,2816,B000JF2ZB8,Park Tool Vulcanizing Patch Kit - VP-1,162,162
distinct_users,82,7117,B001HIT1UO,M44 Mosin Nagant Rubber Recoil Butt Pad,162,162
distinct_users,83,9249,B002OKSGAK,7.62 x 39 mm Caliber Cartridge Laser Bore Sighter Boresighter,162,162
distinct_users,84,5471,B00165P4X6,Avenir Bigmouth Velcro Seat Bag (Large- 75/106 Cubic Inches),161,161
distinct_users,85,2329,B000FN7UWS,Klean Kanteen Stainless Steel Water Bottle,160,160
distinct_users,86,13013,B004SKCUME,Caldwell Ar-15 Brass Catcher,159,159
distinct_users,87,1375,B000AO7ETQ,Bike Peddler Take A Look Cycling Eyeglass Mirror,157,157
distinct_users,88,2524,B000GU6Q34,Butler Creek Flip-Open Objective Scope Cover,157,157
distinct_users,89,8869,B002GNYCJ4,UTG .22 Tactical Low Profile Rail Mount (#22),157,157
distinct_users,90,224,B0000C1CLL,"HKS 36-A Revolver Speedloader for S&W 36, 37, 38, 40, 42,49, 60, 340, 360/ Taurus 85, 605, 651, 851/ Ruger SP101 (5 Shot)",156,156
distinct_users,91,9656,B002Y1IO7E,Bell Dawn Patrol LED Headlight,155,155
distinct_users,92,11934,B0047T4J20,GunMate Range Bag with Removable Hook and Loop Dividers,154,154
distinct_users,93,2523,B000GU6PZ8,Butler Creek Flip-Open Eyepiece Scope Cover,152,152
distinct_users,94,5079,B0013R67A6,"Hoppe's Precision Lubricating Oil, 14.9ml Bottle E/F",151,151
distinct_users,95,11209,B003TWX8HS,UTG 1-Inch High 13-slot Hi-profile Full Size Riser Mount,151,151
distinct_users,96,15748,B007WQKT1K,Smart Health Walking FIT,150,150
distinct_users,97,285,B0000C53GH,Allen Company Shotgun Shell Belt,149,149
distinct_users,98,6208,B001BL04PS,Howard Leight R-01523 Leightning L0F Ultra Lightweight NRR 23 Compact Folding Earmuff,149,149
distinct_users,99,15768,B007Y8YJ62,Paracord Planet Type III 7 Strand 550 Paracord - Made in the USA - Largest In Stock Selection of Paracord Colors,149,149
distinct_users,100,11516,B003ZTV6SI,VISM by NcStar Tactical Shotgun Scabbard,148,148
