policy,method,k,equal_total_budget,users,candidates,observed_hits,observed_match_rate,hidden_interactions,recall_micro,recall_macro,users_with_hit,user_hit_rate,same_asin_candidates,same_asin_hits,same_asin_hidden_interactions,same_asin_recall_micro,different_asin_candidates,different_asin_hits,different_asin_hidden_interactions,different_asin_recall_micro,different_asin_recall_macro,different_asin_users_with_truth
standard,semantic,10,True,156,1550,66,0.04258064516129032,1577,0.04185161699429296,0.06455343548216563,52,0.3333333333333333,66,66,165,0.4,1484,0,1412,0.0,0.0,155
standard,semantic,50,True,156,7750,109,0.014064516129032258,1577,0.06911857958148383,0.10590954147321831,71,0.4551282051282051,106,106,165,0.6424242424242425,7644,3,1412,0.002124645892351275,0.004516129032258064,155
standard,semantic,100,True,156,15500,126,0.008129032258064516,1577,0.07989854153455929,0.11980680012854147,76,0.48717948717948717,123,123,165,0.7454545454545455,15377,3,1412,0.002124645892351275,0.004516129032258064,155
standard,semantic,200,True,156,31000,142,0.004580645161290323,1577,0.09004438807863031,0.13086887252762575,80,0.5128205128205128,133,133,165,0.806060606060606,30867,9,1412,0.006373937677053824,0.011131592421915004,155
standard,g,10,True,156,1560,24,0.015384615384615385,1577,0.015218769816106531,0.014765940457142763,21,0.1346153846153846,7,7,165,0.04242424242424243,1553,17,1412,0.012039660056657223,0.011785877382601641,155
standard,g,50,True,156,7800,63,0.008076923076923077,1577,0.039949270767279645,0.04218583516803704,41,0.26282051282051283,12,12,165,0.07272727272727272,7788,51,1412,0.03611898016997167,0.03761116695779519,155
standard,g,100,True,156,15600,107,0.006858974358974359,1577,0.06785034876347495,0.06906629625060365,59,0.3782051282051282,18,18,165,0.10909090909090909,15582,89,1412,0.06303116147308782,0.06109307997381687,155
standard,g,200,True,156,31200,168,0.005384615384615384,1577,0.10653138871274571,0.1076997751066354,79,0.5064102564102564,22,22,165,0.13333333333333333,31178,146,1412,0.10339943342776203,0.10393694730608805,155
standard,rrf,10,True,156,1560,69,0.04423076923076923,1577,0.04375396322130628,0.06105085230984638,61,0.391025641025641,58,58,165,0.3515151515151515,1502,11,1412,0.007790368271954674,0.009329839462666786,155
standard,rrf,50,True,156,7800,133,0.017051282051282052,1577,0.08433734939759036,0.11424980348563037,79,0.5064102564102564,97,97,165,0.5878787878787879,7703,36,1412,0.025495750708215296,0.026806104952543444,155
standard,rrf,100,True,156,15600,166,0.01064102564102564,1577,0.10526315789473684,0.14179704534292406,89,0.5705128205128205,113,113,165,0.6848484848484848,15487,53,1412,0.037535410764872525,0.04132084437715004,155
standard,rrf,200,True,156,31200,221,0.007083333333333333,1577,0.140139505389981,0.1771500468843565,106,0.6794871794871795,129,129,165,0.7818181818181819,31071,92,1412,0.06515580736543909,0.06775974664048355,155
standard,union,10,False,156,3108,88,0.028314028314028315,1577,0.05580215599239061,0.07748787410780657,67,0.42948717948717946,71,71,165,0.4303030303030303,3037,17,1412,0.012039660056657223,0.011785877382601641,155
standard,union,50,False,156,15519,165,0.010632128358786004,1577,0.1046290424857324,0.1409525194983982,89,0.5705128205128205,111,111,165,0.6727272727272727,15408,54,1412,0.03824362606232295,0.042127295990053264,155
standard,union,100,False,156,30969,220,0.007103878071620007,1577,0.13950538998097653,0.17666164639595602,106,0.6794871794871795,128,128,165,0.7757575757575758,30841,92,1412,0.06515580736543909,0.06560920900607493,155
standard,union,200,False,156,61674,290,0.004702143528877647,1577,0.18389346861128725,0.22186956347128295,119,0.7628205128205128,136,136,165,0.8242424242424242,61538,154,1412,0.10906515580736544,0.11184273327639015,155
exclude_source_asin,semantic,10,True,156,1550,0,0.0,1577,0.0,0.0,0,0.0,0,0,165,0.0,1550,0,1412,0.0,0.0,155
exclude_source_asin,semantic,50,True,156,7750,3,0.0003870967741935484,1577,0.0019023462270133164,0.003151709401709402,3,0.019230769230769232,0,0,165,0.0,7750,3,1412,0.002124645892351275,0.004516129032258064,155
exclude_source_asin,semantic,100,True,156,15500,3,0.0001935483870967742,1577,0.0019023462270133164,0.003151709401709402,3,0.019230769230769232,0,0,165,0.0,15500,3,1412,0.002124645892351275,0.004516129032258064,155
exclude_source_asin,semantic,200,True,156,31000,9,0.00029032258064516127,1577,0.0057070386810399495,0.00680962555962556,7,0.04487179487179487,0,0,165,0.0,31000,9,1412,0.006373937677053824,0.011131592421915004,155
exclude_source_asin,g,10,True,156,1560,18,0.011538461538461539,1577,0.011414077362079899,0.011089002797411584,16,0.10256410256410256,0,0,165,0.0,1560,18,1412,0.012747875354107648,0.012861146199805941,155
exclude_source_asin,g,50,True,156,7800,51,0.006538461538461538,1577,0.032339885859226376,0.03191549091489927,35,0.22435897435897437,0,0,165,0.0,7800,51,1412,0.03611898016997167,0.03761116695779519,155
exclude_source_asin,g,100,True,156,15600,89,0.0057051282051282055,1577,0.05643627140139505,0.053612890292665034,51,0.3269230769230769,0,0,165,0.0,15600,89,1412,0.06303116147308782,0.06109307997381687,155
exclude_source_asin,g,200,True,156,31200,146,0.00467948717948718,1577,0.09258084971464807,0.08992761871673881,70,0.44871794871794873,0,0,165,0.0,31200,146,1412,0.10339943342776203,0.10393694730608805,155
exclude_source_asin,rrf,10,True,156,1560,12,0.007692307692307693,1577,0.007609384908053266,0.008320346807188912,11,0.07051282051282051,0,0,165,0.0,1560,12,1412,0.0084985835694051,0.0097330652691184,155
exclude_source_asin,rrf,50,True,156,7800,36,0.004615384615384616,1577,0.022828154724159798,0.022400910840267373,27,0.17307692307692307,0,0,165,0.0,7800,36,1412,0.025495750708215296,0.026806104952543444,155
exclude_source_asin,rrf,100,True,156,15600,53,0.0033974358974358976,1577,0.033608116677235254,0.034354949604357955,38,0.24358974358974358,0,0,165,0.0,15600,53,1412,0.037535410764872525,0.04132084437715004,155
exclude_source_asin,rrf,200,True,156,31200,92,0.002948717948717949,1577,0.05833861762840837,0.0566119745417493,55,0.3525641025641026,0,0,165,0.0,31200,92,1412,0.06515580736543909,0.06775974664048355,155
exclude_source_asin,union,10,False,156,3110,18,0.005787781350482315,1577,0.011414077362079899,0.011089002797411584,16,0.10256410256410256,0,0,165,0.0,3110,18,1412,0.012747875354107648,0.012861146199805941,155
exclude_source_asin,union,50,False,156,15526,54,0.003478036841427283,1577,0.03424223208623969,0.03506720031660868,38,0.24358974358974358,0,0,165,0.0,15526,54,1412,0.03824362606232295,0.042127295990053264,155
exclude_source_asin,union,100,False,156,30979,92,0.002969753704122147,1577,0.05833861762840837,0.05676459969437444,54,0.34615384615384615,0,0,165,0.0,30979,92,1412,0.06515580736543909,0.06560920900607493,155
exclude_source_asin,union,200,False,156,61690,154,0.00249635273139893,1577,0.09765377298668358,0.09582149336061345,74,0.47435897435897434,0,0,165,0.0,61690,154,1412,0.10906515580736544,0.11184273327639015,155
