method,k,policy,users,candidates,observed_hits,observed_match_rate,hidden_interactions,recall_micro,recall_macro,users_with_hit,user_hit_rate,same_asin_candidates,same_asin_hits,same_asin_hidden_interactions,same_asin_recall_micro,different_asin_candidates,different_asin_hits,different_asin_hidden_interactions,different_asin_recall_micro,different_asin_recall_macro,different_asin_users_with_truth,different_asin_users_with_hit
popularity,10,standard,156,1560,8,0.005128205128205128,1577,0.0050729232720355105,0.004997217400103083,6,0.038461538461538464,0,0,165,0.0,1560,8,1412,0.0056657223796034,0.005249193142931283,155,6
popularity,20,standard,156,3120,13,0.004166666666666667,1577,0.008243500317057704,0.0077669150227418805,8,0.05128205128205128,0,0,165,0.0,3120,13,1412,0.009206798866855524,0.0080856356378178,155,8
popularity,50,standard,156,7800,41,0.005256410256410256,1577,0.02599873176918199,0.01940997388251603,30,0.19230769230769232,0,0,165,0.0,7800,41,1412,0.02903682719546742,0.020910538089805045,155,30
popularity,100,standard,156,15600,95,0.00608974358974359,1577,0.060240963855421686,0.046284229246690865,53,0.33974358974358976,5,5,165,0.030303030303030304,15595,90,1412,0.06373937677053824,0.04659612931293239,155,50
g,10,standard,156,1560,24,0.015384615384615385,1577,0.015218769816106531,0.014765940457142763,21,0.1346153846153846,7,7,165,0.04242424242424243,1553,17,1412,0.012039660056657223,0.011785877382601641,155,15
g,20,standard,156,3120,40,0.01282051282051282,1577,0.025364616360177554,0.024287555459705512,26,0.16666666666666666,8,8,165,0.048484848484848485,3112,32,1412,0.0226628895184136,0.022332051656610768,155,23
g,50,standard,156,7800,63,0.008076923076923077,1577,0.039949270767279645,0.04218583516803704,41,0.26282051282051283,12,12,165,0.07272727272727272,7788,51,1412,0.03611898016997167,0.03761116695779519,155,35
g,100,standard,156,15600,107,0.006858974358974359,1577,0.06785034876347495,0.06906629625060365,59,0.3782051282051282,18,18,165,0.10909090909090909,15582,89,1412,0.06303116147308782,0.06109307997381687,155,51
semantic,10,standard,156,1550,66,0.04258064516129032,1577,0.04185161699429296,0.06455343548216563,52,0.3333333333333333,66,66,165,0.4,1484,0,1412,0.0,0.0,155,0
semantic,20,standard,156,3100,82,0.026451612903225806,1577,0.05199746353836398,0.0815649006068383,60,0.38461538461538464,81,81,165,0.4909090909090909,3019,1,1412,0.000708215297450425,0.0016129032258064516,155,1
semantic,50,standard,156,7750,109,0.014064516129032258,1577,0.06911857958148383,0.10590954147321831,71,0.4551282051282051,106,106,165,0.6424242424242425,7644,3,1412,0.002124645892351275,0.004516129032258064,155,3
semantic,100,standard,156,15500,126,0.008129032258064516,1577,0.07989854153455929,0.11980680012854147,76,0.48717948717948717,123,123,165,0.7454545454545455,15377,3,1412,0.002124645892351275,0.004516129032258064,155,3
